name,address,size,source,status
func_00100468,0x00100468,0xC,src/main.c,matching
func_001044C8,0x001044C8,0x8,src/simple_leaves.c,matching
func_001044D0,0x001044D0,0x8,src/simple_leaves.c,matching
func_001044D8,0x001044D8,0x8,src/simple_leaves.c,matching
func_00104590,0x00104590,0x8,src/simple_leaves.c,matching
func_001045B0,0x001045B0,0x8,src/simple_leaves.c,matching
func_00105F48,0x00105F48,0xC,src/main.c,matching
func_0011C960,0x0011C960,0xC,src/main.c,matching
func_0012DBE0,0x0012DBE0,0x8,src/simple_leaves.c,matching
func_0012DBF0,0x0012DBF0,0x8,src/simple_leaves.c,matching
func_0012F440,0x0012F440,0x8,src/simple_leaves.c,matching
func_0012F450,0x0012F450,0x8,src/simple_leaves.c,matching
func_001315E0,0x001315E0,0x8,src/simple_leaves.c,matching
func_001319E0,0x001319E0,0x8,src/simple_leaves.c,matching
func_00131AA0,0x00131AA0,0x8,src/simple_leaves.c,matching
func_00135140,0x00135140,0x8,src/simple_leaves.c,matching
func_0013B5D0,0x0013B5D0,0x8,src/simple_leaves.c,matching
func_0013BB60,0x0013BB60,0x8,src/simple_leaves.c,matching
func_0013DFA0,0x0013DFA0,0x8,src/simple_leaves.c,matching
func_0013F870,0x0013F870,0x8,src/simple_leaves.c,matching
func_001412C0,0x001412C0,0x8,src/simple_leaves.c,matching
func_001444C0,0x001444C0,0x8,src/simple_leaves.c,matching
func_00146F40,0x00146F40,0x8,src/simple_leaves.c,matching
func_001474B0,0x001474B0,0x8,src/simple_leaves.c,matching
func_001474D0,0x001474D0,0x8,src/simple_leaves.c,matching
func_00147B60,0x00147B60,0x8,src/simple_leaves.c,matching
func_00149AC0,0x00149AC0,0x8,src/simple_leaves.c,matching
func_0014A210,0x0014A210,0x8,src/simple_leaves.c,matching
func_0014A290,0x0014A290,0x8,src/simple_leaves.c,matching
func_0014A4D0,0x0014A4D0,0x8,src/simple_leaves.c,matching
func_0014AA00,0x0014AA00,0x8,src/simple_leaves.c,matching
func_0014DA80,0x0014DA80,0x8,src/simple_leaves.c,matching
func_00150EC0,0x00150EC0,0x8,src/simple_leaves.c,matching
func_00151630,0x00151630,0x8,src/simple_leaves.c,matching
func_00152550,0x00152550,0x8,src/simple_leaves.c,matching
func_00153AA0,0x00153AA0,0x8,src/simple_leaves.c,matching
func_0015B1F0,0x0015B1F0,0x8,src/simple_leaves.c,matching
func_00168AE0,0x00168AE0,0x8,src/simple_leaves.c,matching
func_00168F70,0x00168F70,0x8,src/simple_leaves.c,matching
func_0016F0D0,0x0016F0D0,0x8,src/simple_leaves.c,matching
func_0016FA00,0x0016FA00,0x8,src/simple_leaves.c,matching
func_00170DF0,0x00170DF0,0x8,src/simple_leaves.c,matching
func_00170E00,0x00170E00,0x8,src/simple_leaves.c,matching
func_001712E0,0x001712E0,0x8,src/simple_leaves.c,matching
func_00174F40,0x00174F40,0x8,src/simple_leaves.c,matching
func_00174F50,0x00174F50,0x8,src/simple_leaves.c,matching
func_00177310,0x00177310,0x8,src/simple_leaves.c,matching
func_00180190,0x00180190,0x8,src/simple_leaves.c,matching
func_001801A0,0x001801A0,0x8,src/simple_leaves.c,matching
func_00187260,0x00187260,0x8,src/simple_leaves.c,matching
func_001876F0,0x001876F0,0x8,src/simple_leaves.c,matching
func_00187700,0x00187700,0x8,src/simple_leaves.c,matching
func_001879A0,0x001879A0,0x8,src/simple_leaves.c,matching
func_001879B0,0x001879B0,0x8,src/simple_leaves.c,matching
func_00189650,0x00189650,0x8,src/simple_leaves.c,matching
func_0018E340,0x0018E340,0x8,src/simple_leaves.c,matching
func_00197600,0x00197600,0x8,src/simple_leaves.c,matching
func_00197610,0x00197610,0x8,src/simple_leaves.c,matching
func_00198520,0x00198520,0x8,src/simple_leaves.c,matching
func_00198530,0x00198530,0x8,src/simple_leaves.c,matching
func_00198540,0x00198540,0x8,src/simple_leaves.c,matching
func_001985C0,0x001985C0,0x8,src/simple_leaves.c,matching
func_001985D0,0x001985D0,0x8,src/simple_leaves.c,matching
func_001985E0,0x001985E0,0x8,src/simple_leaves.c,matching
func_00198920,0x00198920,0x8,src/simple_leaves.c,matching
func_00198DE0,0x00198DE0,0x8,src/simple_leaves.c,matching
func_00198DF0,0x00198DF0,0x8,src/simple_leaves.c,matching
func_00198E00,0x00198E00,0x8,src/simple_leaves.c,matching
func_00199390,0x00199390,0x8,src/simple_leaves.c,matching
func_0019AE90,0x0019AE90,0x8,src/simple_leaves.c,matching
func_0019D510,0x0019D510,0x8,src/simple_leaves.c,matching
func_0019D720,0x0019D720,0x8,src/simple_leaves.c,matching
func_0019DAD0,0x0019DAD0,0x8,src/simple_leaves.c,matching
func_0019E500,0x0019E500,0x8,src/simple_leaves.c,matching
func_0019F040,0x0019F040,0x8,src/simple_leaves.c,matching
func_001A9160,0x001A9160,0x8,src/simple_leaves.c,matching
func_001B3E20,0x001B3E20,0x8,src/simple_leaves.c,matching
func_001B53D0,0x001B53D0,0x8,src/simple_leaves.c,matching
func_001B5F90,0x001B5F90,0x8,src/simple_leaves.c,matching
func_001BE3E0,0x001BE3E0,0x8,src/simple_leaves.c,matching
func_001CB720,0x001CB720,0x8,src/simple_leaves.c,matching
func_001CD310,0x001CD310,0x8,src/simple_leaves.c,matching
func_001CDA60,0x001CDA60,0x8,src/simple_leaves.c,matching
func_001D0F60,0x001D0F60,0x8,src/simple_leaves.c,matching
func_001D1530,0x001D1530,0x8,src/simple_leaves.c,matching
func_001D7050,0x001D7050,0x8,src/simple_leaves.c,matching
func_001D7780,0x001D7780,0x8,src/simple_leaves.c,matching
func_001D7CC0,0x001D7CC0,0x8,src/simple_leaves.c,matching
func_001D9D20,0x001D9D20,0x8,src/simple_leaves.c,matching
func_001DD440,0x001DD440,0x8,src/simple_leaves.c,matching
func_001DD880,0x001DD880,0x8,src/simple_leaves.c,matching
func_001E1030,0x001E1030,0x8,src/simple_leaves.c,matching
func_001E3D00,0x001E3D00,0x8,src/simple_leaves.c,matching
func_001E46B0,0x001E46B0,0x8,src/simple_leaves.c,matching
func_001E46C0,0x001E46C0,0x8,src/simple_leaves.c,matching
func_001E7410,0x001E7410,0x8,src/simple_leaves.c,matching
func_001E7420,0x001E7420,0x8,src/simple_leaves.c,matching
func_001E9700,0x001E9700,0x8,src/simple_leaves.c,matching
func_001ED0A0,0x001ED0A0,0x8,src/simple_leaves.c,matching
func_001F7A90,0x001F7A90,0x8,src/simple_leaves.c,matching
func_001FB4D0,0x001FB4D0,0x8,src/simple_leaves.c,matching
func_00202630,0x00202630,0x8,src/simple_leaves.c,matching
func_00203030,0x00203030,0x8,src/simple_leaves.c,matching
func_00203CF0,0x00203CF0,0x8,src/simple_leaves.c,matching
func_00207AB0,0x00207AB0,0x8,src/simple_leaves.c,matching
func_00208D00,0x00208D00,0x8,src/simple_leaves.c,matching
func_0020F360,0x0020F360,0x8,src/simple_leaves.c,matching
func_0021BC30,0x0021BC30,0x8,src/simple_leaves.c,matching
func_0021C1D0,0x0021C1D0,0x8,src/simple_leaves.c,matching
func_0021C680,0x0021C680,0x8,src/simple_leaves.c,matching
func_00221E80,0x00221E80,0x8,src/simple_leaves.c,matching
func_00225660,0x00225660,0x8,src/simple_leaves.c,matching
func_00232B30,0x00232B30,0x8,src/simple_leaves.c,matching
func_00232B40,0x00232B40,0x8,src/simple_leaves.c,matching
func_002396F0,0x002396F0,0x8,src/simple_leaves.c,matching
func_00239C70,0x00239C70,0x8,src/simple_leaves.c,matching
func_0023E920,0x0023E920,0x8,src/simple_leaves.c,matching
func_002435B0,0x002435B0,0x8,src/simple_leaves.c,matching
func_00247A00,0x00247A00,0x8,src/simple_leaves.c,matching
func_00248310,0x00248310,0x8,src/simple_leaves.c,matching
func_00248320,0x00248320,0x8,src/simple_leaves.c,matching
func_00248330,0x00248330,0x8,src/simple_leaves.c,matching
func_00248950,0x00248950,0x8,src/simple_leaves.c,matching
func_0024CF80,0x0024CF80,0x8,src/simple_leaves.c,matching
func_00253210,0x00253210,0x8,src/simple_leaves.c,matching
func_002541E0,0x002541E0,0x8,src/simple_leaves.c,matching
func_0025B4B0,0x0025B4B0,0x8,src/simple_leaves.c,matching
func_0025CB20,0x0025CB20,0x8,src/simple_leaves.c,matching
func_002615F0,0x002615F0,0x8,src/simple_leaves.c,matching
func_00261B80,0x00261B80,0x8,src/simple_leaves.c,matching
func_00261FA0,0x00261FA0,0x8,src/simple_leaves.c,matching
func_00264A20,0x00264A20,0x8,src/simple_leaves.c,matching
func_00264A30,0x00264A30,0x8,src/simple_leaves.c,matching
func_00269EA0,0x00269EA0,0x8,src/simple_leaves.c,matching
func_0026AC50,0x0026AC50,0x8,src/simple_leaves.c,matching
func_0026E8A0,0x0026E8A0,0x8,src/simple_leaves.c,matching
func_0026EC70,0x0026EC70,0x8,src/simple_leaves.c,matching
func_0026ECB0,0x0026ECB0,0x8,src/simple_leaves.c,matching
func_0026F580,0x0026F580,0x8,src/simple_leaves.c,matching
func_00272B70,0x00272B70,0x8,src/simple_leaves.c,matching
func_00277990,0x00277990,0x8,src/simple_leaves.c,matching
func_00278670,0x00278670,0x8,src/simple_leaves.c,matching
func_0027AA60,0x0027AA60,0x8,src/simple_leaves.c,matching
func_0027AA70,0x0027AA70,0x8,src/simple_leaves.c,matching
func_0027AA80,0x0027AA80,0x8,src/simple_leaves.c,matching
func_0027AF70,0x0027AF70,0x8,src/simple_leaves.c,matching
func_0027CF20,0x0027CF20,0x8,src/simple_leaves.c,matching
func_0027CF30,0x0027CF30,0x8,src/simple_leaves.c,matching
func_0027CF40,0x0027CF40,0x8,src/simple_leaves.c,matching
func_0027CF50,0x0027CF50,0x8,src/simple_leaves.c,matching
func_0027CF60,0x0027CF60,0x8,src/simple_leaves.c,matching
func_0027CF70,0x0027CF70,0x8,src/simple_leaves.c,matching
func_0027CF80,0x0027CF80,0x8,src/simple_leaves.c,matching
func_0027CF90,0x0027CF90,0x8,src/simple_leaves.c,matching
func_0027FA60,0x0027FA60,0x8,src/simple_leaves.c,matching
func_0027FA70,0x0027FA70,0x8,src/simple_leaves.c,matching
func_0027FA80,0x0027FA80,0x8,src/simple_leaves.c,matching
func_00281950,0x00281950,0x8,src/simple_leaves.c,matching
func_00285B50,0x00285B50,0x8,src/simple_leaves.c,matching
func_00288ED0,0x00288ED0,0x8,src/simple_leaves.c,matching
func_0028D1A0,0x0028D1A0,0x8,src/simple_leaves.c,matching
func_002944F0,0x002944F0,0x8,src/simple_leaves.c,matching
func_002959A0,0x002959A0,0x8,src/simple_leaves.c,matching
func_0029A300,0x0029A300,0x8,src/simple_leaves.c,matching
func_0029B9D0,0x0029B9D0,0x8,src/simple_leaves.c,matching
func_002A09D0,0x002A09D0,0x8,src/simple_leaves.c,matching
func_002A1410,0x002A1410,0x8,src/simple_leaves.c,matching
func_002A5B60,0x002A5B60,0x8,src/simple_leaves.c,matching
func_002A5C30,0x002A5C30,0x8,src/simple_leaves.c,matching
func_002A7880,0x002A7880,0x8,src/simple_leaves.c,matching
func_002AB0F0,0x002AB0F0,0x8,src/simple_leaves.c,matching
func_002B3120,0x002B3120,0x8,src/simple_leaves.c,matching
func_002B79E0,0x002B79E0,0x8,src/simple_leaves.c,matching
func_002B7FA0,0x002B7FA0,0x8,src/simple_leaves.c,matching
func_002B8AC0,0x002B8AC0,0x8,src/simple_leaves.c,matching
func_002BE600,0x002BE600,0x8,src/simple_leaves.c,matching
func_002C4560,0x002C4560,0x8,src/simple_leaves.c,matching
func_002CB770,0x002CB770,0x8,src/simple_leaves.c,matching
func_002CC450,0x002CC450,0x8,src/simple_leaves.c,matching
func_002D0400,0x002D0400,0x8,src/simple_leaves.c,matching
func_002D1B80,0x002D1B80,0x8,src/simple_leaves.c,matching
func_002D3C90,0x002D3C90,0x8,src/simple_leaves.c,matching
func_002D3D10,0x002D3D10,0x8,src/simple_leaves.c,matching
func_002D5490,0x002D5490,0x8,src/simple_leaves.c,matching
func_002DB7C0,0x002DB7C0,0x8,src/simple_leaves.c,matching
func_002DB840,0x002DB840,0x8,src/simple_leaves.c,matching
func_002DB850,0x002DB850,0x8,src/simple_leaves.c,matching
func_002DCA10,0x002DCA10,0x8,src/simple_leaves.c,matching
func_002E0750,0x002E0750,0x8,src/simple_leaves.c,matching
func_002E0C80,0x002E0C80,0x8,src/simple_leaves.c,matching
func_002E83C0,0x002E83C0,0x8,src/simple_leaves.c,matching
func_002E8A80,0x002E8A80,0x8,src/simple_leaves.c,matching
func_002E8A90,0x002E8A90,0x8,src/simple_leaves.c,matching
func_002ED1D0,0x002ED1D0,0x8,src/simple_leaves.c,matching
func_002F27F0,0x002F27F0,0x8,src/simple_leaves.c,matching
func_002F5980,0x002F5980,0x8,src/simple_leaves.c,matching
func_002F7530,0x002F7530,0x8,src/simple_leaves.c,matching
func_002FB400,0x002FB400,0x8,src/simple_leaves.c,matching
func_002FF3E0,0x002FF3E0,0x8,src/simple_leaves.c,matching
func_00304370,0x00304370,0x8,src/simple_leaves.c,matching
func_0030BC00,0x0030BC00,0x8,src/simple_leaves.c,matching
func_00312540,0x00312540,0x8,src/simple_leaves.c,matching
func_00315360,0x00315360,0x8,src/simple_leaves.c,matching
func_003156A0,0x003156A0,0x8,src/simple_leaves.c,matching
func_003214E0,0x003214E0,0x8,src/simple_leaves.c,matching
func_00321A80,0x00321A80,0x8,src/simple_leaves.c,matching
func_00321F30,0x00321F30,0x8,src/simple_leaves.c,matching
func_00326580,0x00326580,0x8,src/simple_leaves.c,matching
func_00328BA0,0x00328BA0,0x8,src/simple_leaves.c,matching
func_00328DF0,0x00328DF0,0x8,src/simple_leaves.c,matching
func_00329040,0x00329040,0x8,src/simple_leaves.c,matching
func_00329480,0x00329480,0x8,src/simple_leaves.c,matching
func_00329690,0x00329690,0x8,src/simple_leaves.c,matching
func_0032BF60,0x0032BF60,0x8,src/simple_leaves.c,matching
func_0032DEF0,0x0032DEF0,0x8,src/simple_leaves.c,matching
func_0032ECB0,0x0032ECB0,0x8,src/simple_leaves.c,matching
func_0032F970,0x0032F970,0x8,src/simple_leaves.c,matching
func_00334B90,0x00334B90,0x8,src/simple_leaves.c,matching
func_00337D40,0x00337D40,0x8,src/simple_leaves.c,matching
func_0033C520,0x0033C520,0x8,src/simple_leaves.c,matching
func_0033C810,0x0033C810,0x8,src/simple_leaves.c,matching
func_0033C9D0,0x0033C9D0,0x8,src/simple_leaves.c,matching
func_0033DB80,0x0033DB80,0x8,src/simple_leaves.c,matching
func_0033FCD0,0x0033FCD0,0x8,src/simple_leaves.c,matching
func_00340AE0,0x00340AE0,0x8,src/simple_leaves.c,matching
func_00340FF0,0x00340FF0,0x8,src/simple_leaves.c,matching
func_00341890,0x00341890,0x8,src/simple_leaves.c,matching
func_00341DE0,0x00341DE0,0x8,src/simple_leaves.c,matching
func_00345D80,0x00345D80,0x8,src/simple_leaves.c,matching
func_00355BD0,0x00355BD0,0x8,src/simple_leaves.c,matching
func_00356990,0x00356990,0x8,src/simple_leaves.c,matching
func_00357680,0x00357680,0x8,src/simple_leaves.c,matching
func_00358FC0,0x00358FC0,0x8,src/simple_leaves.c,matching
func_00364400,0x00364400,0x8,src/simple_leaves.c,matching
func_00372630,0x00372630,0x8,src/simple_leaves.c,matching
func_00372B50,0x00372B50,0x8,src/simple_leaves.c,matching
func_00373A80,0x00373A80,0x8,src/simple_leaves.c,matching
func_00374E40,0x00374E40,0x8,src/simple_leaves.c,matching
func_003750A0,0x003750A0,0x8,src/simple_leaves.c,matching
func_003751D0,0x003751D0,0x8,src/simple_leaves.c,matching
func_00375210,0x00375210,0x8,src/simple_leaves.c,matching
func_00375540,0x00375540,0x8,src/simple_leaves.c,matching
func_00375750,0x00375750,0x8,src/simple_leaves.c,matching
func_00375B10,0x00375B10,0x8,src/simple_leaves.c,matching
func_00375C90,0x00375C90,0x8,src/simple_leaves.c,matching
func_0038A680,0x0038A680,0x8,src/simple_leaves.c,matching
func_0038E3A0,0x0038E3A0,0x8,src/simple_leaves.c,matching
func_0038F430,0x0038F430,0x8,src/simple_leaves.c,matching
func_00391010,0x00391010,0x8,src/simple_leaves.c,matching
func_0039C5A0,0x0039C5A0,0x8,src/simple_leaves.c,matching
func_003A8D00,0x003A8D00,0x8,src/simple_leaves.c,matching
func_003A9260,0x003A9260,0x8,src/simple_leaves.c,matching
func_003A9A40,0x003A9A40,0x8,src/simple_leaves.c,matching
func_003A9E40,0x003A9E40,0x8,src/simple_leaves.c,matching
func_003B7990,0x003B7990,0x8,src/simple_leaves.c,matching
func_003B7FB0,0x003B7FB0,0x8,src/simple_leaves.c,matching
func_003B9300,0x003B9300,0x8,src/simple_leaves.c,matching
func_003BA220,0x003BA220,0x8,src/simple_leaves.c,matching
func_003BD7A0,0x003BD7A0,0x8,src/simple_leaves.c,matching
func_003BD920,0x003BD920,0x8,src/simple_leaves.c,matching
func_003CA320,0x003CA320,0x8,src/simple_leaves.c,matching
func_003D26E0,0x003D26E0,0x8,src/simple_leaves.c,matching
func_003D5350,0x003D5350,0x8,src/simple_leaves.c,matching
func_003DBD70,0x003DBD70,0x8,src/simple_leaves.c,matching
func_003F0930,0x003F0930,0x8,src/simple_leaves.c,matching
func_003F6100,0x003F6100,0x8,src/simple_leaves.c,matching
func_003F6148,0x003F6148,0x8,src/simple_leaves.c,matching
func_003F6468,0x003F6468,0x8,src/simple_leaves.c,matching
func_003F6470,0x003F6470,0x8,src/simple_leaves.c,matching
func_003F6478,0x003F6478,0x8,src/simple_leaves.c,matching
func_003F8118,0x003F8118,0x8,src/simple_leaves.c,matching
func_003F8120,0x003F8120,0x8,src/simple_leaves.c,matching
func_003F8128,0x003F8128,0x8,src/simple_leaves.c,matching
func_003F8130,0x003F8130,0x8,src/simple_leaves.c,matching
func_003F8138,0x003F8138,0x8,src/simple_leaves.c,matching
func_003F81A0,0x003F81A0,0x8,src/simple_leaves.c,matching
func_003F81A8,0x003F81A8,0x8,src/simple_leaves.c,matching
func_003F81B0,0x003F81B0,0x8,src/simple_leaves.c,matching
func_003F81B8,0x003F81B8,0x8,src/simple_leaves.c,matching
func_003F81C0,0x003F81C0,0x8,src/simple_leaves.c,matching
func_003F81C8,0x003F81C8,0x8,src/simple_leaves.c,matching
func_003F81D0,0x003F81D0,0x8,src/simple_leaves.c,matching
func_003F81D8,0x003F81D8,0x8,src/simple_leaves.c,matching
func_003F81E0,0x003F81E0,0x8,src/simple_leaves.c,matching
func_003F81E8,0x003F81E8,0x8,src/simple_leaves.c,matching
func_003F8318,0x003F8318,0x8,src/simple_leaves.c,matching
func_003F8430,0x003F8430,0x8,src/simple_leaves.c,matching
func_003F8438,0x003F8438,0x8,src/simple_leaves.c,matching
func_003F8440,0x003F8440,0x8,src/simple_leaves.c,matching
func_003FDE38,0x003FDE38,0x8,src/simple_leaves.c,matching
func_003FF318,0x003FF318,0x8,src/simple_leaves.c,matching
func_003FF320,0x003FF320,0x8,src/simple_leaves.c,matching
func_003FF328,0x003FF328,0x8,src/simple_leaves.c,matching
func_003FF330,0x003FF330,0x8,src/simple_leaves.c,matching
func_003FF5C8,0x003FF5C8,0x8,src/simple_leaves.c,matching
func_003FF620,0x003FF620,0x8,src/simple_leaves.c,matching
func_003FFEC0,0x003FFEC0,0x8,src/simple_leaves.c,matching
func_003FFEC8,0x003FFEC8,0x8,src/simple_leaves.c,matching
func_003FFED0,0x003FFED0,0x8,src/simple_leaves.c,matching
func_003FFED8,0x003FFED8,0x8,src/simple_leaves.c,matching
func_003FFF30,0x003FFF30,0x8,src/simple_leaves.c,matching
func_003FFF38,0x003FFF38,0x8,src/simple_leaves.c,matching
func_003FFF40,0x003FFF40,0x8,src/simple_leaves.c,matching
func_003FFF48,0x003FFF48,0x8,src/simple_leaves.c,matching
func_003FFF50,0x003FFF50,0x8,src/simple_leaves.c,matching
func_003FFF58,0x003FFF58,0x8,src/simple_leaves.c,matching
func_004000B0,0x004000B0,0x8,src/simple_leaves.c,matching
func_00400128,0x00400128,0x8,src/simple_leaves.c,matching
func_00400650,0x00400650,0x8,src/simple_leaves.c,matching
func_00400BB0,0x00400BB0,0x8,src/simple_leaves.c,matching
func_00400BD8,0x00400BD8,0x8,src/simple_leaves.c,matching
func_00400BE0,0x00400BE0,0x8,src/simple_leaves.c,matching
func_00402458,0x00402458,0x8,src/simple_leaves.c,matching
func_004027D8,0x004027D8,0x8,src/simple_leaves.c,matching
func_004027E0,0x004027E0,0x8,src/simple_leaves.c,matching
func_004027E8,0x004027E8,0x8,src/simple_leaves.c,matching
func_004027F0,0x004027F0,0x8,src/simple_leaves.c,matching
func_004027F8,0x004027F8,0x8,src/simple_leaves.c,matching
func_00402800,0x00402800,0x8,src/simple_leaves.c,matching
func_00402808,0x00402808,0x8,src/simple_leaves.c,matching
func_00402810,0x00402810,0x8,src/simple_leaves.c,matching
func_004028D8,0x004028D8,0x8,src/simple_leaves.c,matching
func_004028E0,0x004028E0,0x8,src/simple_leaves.c,matching
func_004028E8,0x004028E8,0x8,src/simple_leaves.c,matching
func_00403D28,0x00403D28,0x8,src/simple_leaves.c,matching
func_004043F8,0x004043F8,0x8,src/simple_leaves.c,matching
func_00404400,0x00404400,0x8,src/simple_leaves.c,matching
func_004044C8,0x004044C8,0x8,src/simple_leaves.c,matching
func_00404CA0,0x00404CA0,0x8,src/simple_leaves.c,matching
func_00404CB8,0x00404CB8,0x8,src/simple_leaves.c,matching
func_00404CD0,0x00404CD0,0x8,src/simple_leaves.c,matching
func_00404CD8,0x00404CD8,0x8,src/simple_leaves.c,matching
func_00404CE0,0x00404CE0,0x8,src/simple_leaves.c,matching
func_00404CE8,0x00404CE8,0x8,src/simple_leaves.c,matching
func_00404CF0,0x00404CF0,0x8,src/simple_leaves.c,matching
func_00404CF8,0x00404CF8,0x8,src/simple_leaves.c,matching
func_00404D00,0x00404D00,0x8,src/simple_leaves.c,matching
func_00404D08,0x00404D08,0x8,src/simple_leaves.c,matching
func_00404D10,0x00404D10,0x8,src/simple_leaves.c,matching
func_00404DA0,0x00404DA0,0x8,src/simple_leaves.c,matching
func_004052B8,0x004052B8,0x8,src/simple_leaves.c,matching
func_004052D8,0x004052D8,0x8,src/simple_leaves.c,matching
func_004052E0,0x004052E0,0x8,src/simple_leaves.c,matching
func_004052E8,0x004052E8,0x8,src/simple_leaves.c,matching
func_004052F0,0x004052F0,0x8,src/simple_leaves.c,matching
func_00405318,0x00405318,0x8,src/simple_leaves.c,matching
func_00405380,0x00405380,0x8,src/simple_leaves.c,matching
func_00406430,0x00406430,0xC,src/main.c,matching
func_00407EC0,0x00407EC0,0x8,src/simple_leaves.c,matching
func_00408CE0,0x00408CE0,0x8,src/simple_leaves.c,matching
func_0040A250,0x0040A250,0x8,src/simple_leaves.c,matching
func_0040AED8,0x0040AED8,0xC,src/main.c,matching
func_0040BCF0,0x0040BCF0,0x8,src/simple_leaves.c,matching
func_0040CB20,0x0040CB20,0xC,src/main.c,matching
func_0040CB90,0x0040CB90,0xC,src/main.c,matching
func_0040D628,0x0040D628,0x8,src/simple_leaves.c,matching
func_0040D630,0x0040D630,0x8,src/simple_leaves.c,matching
func_0040DFA0,0x0040DFA0,0x8,src/simple_leaves.c,matching
func_0040E9F8,0x0040E9F8,0x8,src/simple_leaves.c,matching
func_0040EA00,0x0040EA00,0x8,src/simple_leaves.c,matching
func_0040ED20,0x0040ED20,0x8,src/simple_leaves.c,matching
func_0040EE88,0x0040EE88,0x8,src/simple_leaves.c,matching
func_0040EE90,0x0040EE90,0x8,src/simple_leaves.c,matching
func_0040EEA8,0x0040EEA8,0x8,src/simple_leaves.c,matching
func_0040EEF8,0x0040EEF8,0x8,src/simple_leaves.c,matching
func_0040F1B8,0x0040F1B8,0x8,src/simple_leaves.c,matching
func_0040F520,0x0040F520,0x8,src/simple_leaves.c,matching
func_0040F710,0x0040F710,0x8,src/simple_leaves.c,matching
func_0040FCD0,0x0040FCD0,0x8,src/simple_leaves.c,matching
func_0040FCD8,0x0040FCD8,0x8,src/simple_leaves.c,matching
func_0040FCE0,0x0040FCE0,0x8,src/simple_leaves.c,matching
func_0040FEE0,0x0040FEE0,0x8,src/simple_leaves.c,matching
func_00416A50,0x00416A50,0x8,src/simple_leaves.c,matching
func_00416A60,0x00416A60,0x8,src/simple_leaves.c,matching
func_00416AA0,0x00416AA0,0x8,src/simple_leaves.c,matching
func_00417FC0,0x00417FC0,0x8,src/simple_leaves.c,matching
func_00417FD0,0x00417FD0,0x8,src/simple_leaves.c,matching
func_00417FE0,0x00417FE0,0x8,src/simple_leaves.c,matching
func_00417FF0,0x00417FF0,0x8,src/simple_leaves.c,matching
func_00418000,0x00418000,0x8,src/simple_leaves.c,matching
func_00418010,0x00418010,0x8,src/simple_leaves.c,matching
func_00418020,0x00418020,0x8,src/simple_leaves.c,matching
func_00418030,0x00418030,0x8,src/simple_leaves.c,matching
func_00418040,0x00418040,0x8,src/simple_leaves.c,matching
func_00418050,0x00418050,0x8,src/simple_leaves.c,matching
func_00418060,0x00418060,0x8,src/simple_leaves.c,matching
func_00418070,0x00418070,0x8,src/simple_leaves.c,matching
func_00418080,0x00418080,0x8,src/simple_leaves.c,matching
func_00418090,0x00418090,0x8,src/simple_leaves.c,matching
func_004180A0,0x004180A0,0x8,src/simple_leaves.c,matching
func_004180B0,0x004180B0,0x8,src/simple_leaves.c,matching
func_004180C0,0x004180C0,0x8,src/simple_leaves.c,matching
func_004180D0,0x004180D0,0x8,src/simple_leaves.c,matching
func_004180E0,0x004180E0,0x8,src/simple_leaves.c,matching
func_004181F0,0x004181F0,0x8,src/simple_leaves.c,matching
func_004188E0,0x004188E0,0x8,src/simple_leaves.c,matching
func_004188F0,0x004188F0,0x8,src/simple_leaves.c,matching
func_00418900,0x00418900,0x8,src/simple_leaves.c,matching
func_0041CD20,0x0041CD20,0x8,src/simple_leaves.c,matching
func_0041D6C0,0x0041D6C0,0x8,src/simple_leaves.c,matching
func_004209F0,0x004209F0,0x8,src/simple_leaves.c,matching
func_00422BE0,0x00422BE0,0x8,src/simple_leaves.c,matching
